Id	Count	File(s)
4L1	242	/Users/brow015/Downloads/data/151016_M03018_0032_000000000-AGKY8/4L1_R1.fastq	/Users/brow015/Downloads/data/151016_M03018_0032_000000000-AGKY8/4L1_R2.fastq
4L9	2402	/Users/brow015/Downloads/data/151016_M03018_0032_000000000-AGKY8/4L9_R1.fastq	/Users/brow015/Downloads/data/151016_M03018_0032_000000000-AGKY8/4L9_R2.fastq
4L17	3	/Users/brow015/Downloads/data/151016_M03018_0032_000000000-AGKY8/4L17_R1.fastq	/Users/brow015/Downloads/data/151016_M03018_0032_000000000-AGKY8/4L17_R2.fastq
4L25	0	/Users/brow015/Downloads/data/151016_M03018_0032_000000000-AGKY8/4L25_R1.fastq	/Users/brow015/Downloads/data/151016_M03018_0032_000000000-AGKY8/4L25_R2.fastq
4L33	2	/Users/brow015/Downloads/data/151016_M03018_0032_000000000-AGKY8/4L33_R1.fastq	/Users/brow015/Downloads/data/151016_M03018_0032_000000000-AGKY8/4L33_R2.fastq
4L41	9163	/Users/brow015/Downloads/data/151016_M03018_0032_000000000-AGKY8/4L41_R1.fastq	/Users/brow015/Downloads/data/151016_M03018_0032_000000000-AGKY8/4L41_R2.fastq
4L49	0	/Users/brow015/Downloads/data/151016_M03018_0032_000000000-AGKY8/4L49_R1.fastq	/Users/brow015/Downloads/data/151016_M03018_0032_000000000-AGKY8/4L49_R2.fastq
8L5	4576	/Users/brow015/Downloads/data/151016_M03018_0032_000000000-AGKY8/8L5_R1.fastq	/Users/brow015/Downloads/data/151016_M03018_0032_000000000-AGKY8/8L5_R2.fastq
8L13	0	/Users/brow015/Downloads/data/151016_M03018_0032_000000000-AGKY8/8L13_R1.fastq	/Users/brow015/Downloads/data/151016_M03018_0032_000000000-AGKY8/8L13_R2.fastq
4SP3	1	/Users/brow015/Downloads/data/151016_M03018_0032_000000000-AGKY8/4SP3_R1.fastq	/Users/brow015/Downloads/data/151016_M03018_0032_000000000-AGKY8/4SP3_R2.fastq
4SP11	2464	/Users/brow015/Downloads/data/151016_M03018_0032_000000000-AGKY8/4SP11_R1.fastq	/Users/brow015/Downloads/data/151016_M03018_0032_000000000-AGKY8/4SP11_R2.fastq
4SP19	3710	/Users/brow015/Downloads/data/151016_M03018_0032_000000000-AGKY8/4SP19_R1.fastq	/Users/brow015/Downloads/data/151016_M03018_0032_000000000-AGKY8/4SP19_R2.fastq
4L2	7	/Users/brow015/Downloads/data/151016_M03018_0032_000000000-AGKY8/4L2_R1.fastq	/Users/brow015/Downloads/data/151016_M03018_0032_000000000-AGKY8/4L2_R2.fastq
4L10	4940	/Users/brow015/Downloads/data/151016_M03018_0032_000000000-AGKY8/4L10_R1.fastq	/Users/brow015/Downloads/data/151016_M03018_0032_000000000-AGKY8/4L10_R2.fastq
4L18	11190	/Users/brow015/Downloads/data/151016_M03018_0032_000000000-AGKY8/4L18_R1.fastq	/Users/brow015/Downloads/data/151016_M03018_0032_000000000-AGKY8/4L18_R2.fastq
4L26	9777	/Users/brow015/Downloads/data/151016_M03018_0032_000000000-AGKY8/4L26_R1.fastq	/Users/brow015/Downloads/data/151016_M03018_0032_000000000-AGKY8/4L26_R2.fastq
4L34	0	/Users/brow015/Downloads/data/151016_M03018_0032_000000000-AGKY8/4L34_R1.fastq	/Users/brow015/Downloads/data/151016_M03018_0032_000000000-AGKY8/4L34_R2.fastq
4L42	6390	/Users/brow015/Downloads/data/151016_M03018_0032_000000000-AGKY8/4L42_R1.fastq	/Users/brow015/Downloads/data/151016_M03018_0032_000000000-AGKY8/4L42_R2.fastq
4L50	0	/Users/brow015/Downloads/data/151016_M03018_0032_000000000-AGKY8/4L50_R1.fastq	/Users/brow015/Downloads/data/151016_M03018_0032_000000000-AGKY8/4L50_R2.fastq
8L6	8255	/Users/brow015/Downloads/data/151016_M03018_0032_000000000-AGKY8/8L6_R1.fastq	/Users/brow015/Downloads/data/151016_M03018_0032_000000000-AGKY8/8L6_R2.fastq
8L14	7594	/Users/brow015/Downloads/data/151016_M03018_0032_000000000-AGKY8/8L14_R1.fastq	/Users/brow015/Downloads/data/151016_M03018_0032_000000000-AGKY8/8L14_R2.fastq
4SP4	6155	/Users/brow015/Downloads/data/151016_M03018_0032_000000000-AGKY8/4SP4_R1.fastq	/Users/brow015/Downloads/data/151016_M03018_0032_000000000-AGKY8/4SP4_R2.fastq
4SP12	2815	/Users/brow015/Downloads/data/151016_M03018_0032_000000000-AGKY8/4SP12_R1.fastq	/Users/brow015/Downloads/data/151016_M03018_0032_000000000-AGKY8/4SP12_R2.fastq
4SP20	1082	/Users/brow015/Downloads/data/151016_M03018_0032_000000000-AGKY8/4SP20_R1.fastq	/Users/brow015/Downloads/data/151016_M03018_0032_000000000-AGKY8/4SP20_R2.fastq
4L3	28	/Users/brow015/Downloads/data/151016_M03018_0032_000000000-AGKY8/4L3_R1.fastq	/Users/brow015/Downloads/data/151016_M03018_0032_000000000-AGKY8/4L3_R2.fastq
4L11	7878	/Users/brow015/Downloads/data/151016_M03018_0032_000000000-AGKY8/4L11_R1.fastq	/Users/brow015/Downloads/data/151016_M03018_0032_000000000-AGKY8/4L11_R2.fastq
4L19	11624	/Users/brow015/Downloads/data/151016_M03018_0032_000000000-AGKY8/4L19_R1.fastq	/Users/brow015/Downloads/data/151016_M03018_0032_000000000-AGKY8/4L19_R2.fastq
4L27	6455	/Users/brow015/Downloads/data/151016_M03018_0032_000000000-AGKY8/4L27_R1.fastq	/Users/brow015/Downloads/data/151016_M03018_0032_000000000-AGKY8/4L27_R2.fastq
4L35	0	/Users/brow015/Downloads/data/151016_M03018_0032_000000000-AGKY8/4L35_R1.fastq	/Users/brow015/Downloads/data/151016_M03018_0032_000000000-AGKY8/4L35_R2.fastq
4L43	3976	/Users/brow015/Downloads/data/151016_M03018_0032_000000000-AGKY8/4L43_R1.fastq	/Users/brow015/Downloads/data/151016_M03018_0032_000000000-AGKY8/4L43_R2.fastq
4L51	0	/Users/brow015/Downloads/data/151016_M03018_0032_000000000-AGKY8/4L51_R1.fastq	/Users/brow015/Downloads/data/151016_M03018_0032_000000000-AGKY8/4L51_R2.fastq
8L7	11062	/Users/brow015/Downloads/data/151016_M03018_0032_000000000-AGKY8/8L7_R1.fastq	/Users/brow015/Downloads/data/151016_M03018_0032_000000000-AGKY8/8L7_R2.fastq
8L15	5087	/Users/brow015/Downloads/data/151016_M03018_0032_000000000-AGKY8/8L15_R1.fastq	/Users/brow015/Downloads/data/151016_M03018_0032_000000000-AGKY8/8L15_R2.fastq
4SP5	5103	/Users/brow015/Downloads/data/151016_M03018_0032_000000000-AGKY8/4SP5_R1.fastq	/Users/brow015/Downloads/data/151016_M03018_0032_000000000-AGKY8/4SP5_R2.fastq
4SP13	0	/Users/brow015/Downloads/data/151016_M03018_0032_000000000-AGKY8/4SP13_R1.fastq	/Users/brow015/Downloads/data/151016_M03018_0032_000000000-AGKY8/4SP13_R2.fastq
4SP21	2470	/Users/brow015/Downloads/data/151016_M03018_0032_000000000-AGKY8/4SP21_R1.fastq	/Users/brow015/Downloads/data/151016_M03018_0032_000000000-AGKY8/4SP21_R2.fastq
4L4	659	/Users/brow015/Downloads/data/151016_M03018_0032_000000000-AGKY8/4L4_R1.fastq	/Users/brow015/Downloads/data/151016_M03018_0032_000000000-AGKY8/4L4_R2.fastq
4L12	3713	/Users/brow015/Downloads/data/151016_M03018_0032_000000000-AGKY8/4L12_R1.fastq	/Users/brow015/Downloads/data/151016_M03018_0032_000000000-AGKY8/4L12_R2.fastq
4L20	13744	/Users/brow015/Downloads/data/151016_M03018_0032_000000000-AGKY8/4L20_R1.fastq	/Users/brow015/Downloads/data/151016_M03018_0032_000000000-AGKY8/4L20_R2.fastq
4L28	12260	/Users/brow015/Downloads/data/151016_M03018_0032_000000000-AGKY8/4L28_R1.fastq	/Users/brow015/Downloads/data/151016_M03018_0032_000000000-AGKY8/4L28_R2.fastq
4L36	0	/Users/brow015/Downloads/data/151016_M03018_0032_000000000-AGKY8/4L36_R1.fastq	/Users/brow015/Downloads/data/151016_M03018_0032_000000000-AGKY8/4L36_R2.fastq
4L44	1328	/Users/brow015/Downloads/data/151016_M03018_0032_000000000-AGKY8/4L44_R1.fastq	/Users/brow015/Downloads/data/151016_M03018_0032_000000000-AGKY8/4L44_R2.fastq
4L52	2	/Users/brow015/Downloads/data/151016_M03018_0032_000000000-AGKY8/4L52_R1.fastq	/Users/brow015/Downloads/data/151016_M03018_0032_000000000-AGKY8/4L52_R2.fastq
8L8	6257	/Users/brow015/Downloads/data/151016_M03018_0032_000000000-AGKY8/8L8_R1.fastq	/Users/brow015/Downloads/data/151016_M03018_0032_000000000-AGKY8/8L8_R2.fastq
8L16	5240	/Users/brow015/Downloads/data/151016_M03018_0032_000000000-AGKY8/8L16_R1.fastq	/Users/brow015/Downloads/data/151016_M03018_0032_000000000-AGKY8/8L16_R2.fastq
4SP6	3702	/Users/brow015/Downloads/data/151016_M03018_0032_000000000-AGKY8/4SP6_R1.fastq	/Users/brow015/Downloads/data/151016_M03018_0032_000000000-AGKY8/4SP6_R2.fastq
4SP14	2260	/Users/brow015/Downloads/data/151016_M03018_0032_000000000-AGKY8/4SP14_R1.fastq	/Users/brow015/Downloads/data/151016_M03018_0032_000000000-AGKY8/4SP14_R2.fastq
4SP22	2232	/Users/brow015/Downloads/data/151016_M03018_0032_000000000-AGKY8/4SP22_R1.fastq	/Users/brow015/Downloads/data/151016_M03018_0032_000000000-AGKY8/4SP22_R2.fastq
4L5	6392	/Users/brow015/Downloads/data/151016_M03018_0032_000000000-AGKY8/4L5_R1.fastq	/Users/brow015/Downloads/data/151016_M03018_0032_000000000-AGKY8/4L5_R2.fastq
4L13	5385	/Users/brow015/Downloads/data/151016_M03018_0032_000000000-AGKY8/4L13_R1.fastq	/Users/brow015/Downloads/data/151016_M03018_0032_000000000-AGKY8/4L13_R2.fastq
4L21	141	/Users/brow015/Downloads/data/151016_M03018_0032_000000000-AGKY8/4L21_R1.fastq	/Users/brow015/Downloads/data/151016_M03018_0032_000000000-AGKY8/4L21_R2.fastq
4L29	8879	/Users/brow015/Downloads/data/151016_M03018_0032_000000000-AGKY8/4L29_R1.fastq	/Users/brow015/Downloads/data/151016_M03018_0032_000000000-AGKY8/4L29_R2.fastq
4L37	1	/Users/brow015/Downloads/data/151016_M03018_0032_000000000-AGKY8/4L37_R1.fastq	/Users/brow015/Downloads/data/151016_M03018_0032_000000000-AGKY8/4L37_R2.fastq
4L45	2253	/Users/brow015/Downloads/data/151016_M03018_0032_000000000-AGKY8/4L45_R1.fastq	/Users/brow015/Downloads/data/151016_M03018_0032_000000000-AGKY8/4L45_R2.fastq
8L1	1	/Users/brow015/Downloads/data/151016_M03018_0032_000000000-AGKY8/8L1_R1.fastq	/Users/brow015/Downloads/data/151016_M03018_0032_000000000-AGKY8/8L1_R2.fastq
8L9	7622	/Users/brow015/Downloads/data/151016_M03018_0032_000000000-AGKY8/8L9_R1.fastq	/Users/brow015/Downloads/data/151016_M03018_0032_000000000-AGKY8/8L9_R2.fastq
8L17	8266	/Users/brow015/Downloads/data/151016_M03018_0032_000000000-AGKY8/8L17_R1.fastq	/Users/brow015/Downloads/data/151016_M03018_0032_000000000-AGKY8/8L17_R2.fastq
4SP7	6342	/Users/brow015/Downloads/data/151016_M03018_0032_000000000-AGKY8/4SP7_R1.fastq	/Users/brow015/Downloads/data/151016_M03018_0032_000000000-AGKY8/4SP7_R2.fastq
4SP15	2107	/Users/brow015/Downloads/data/151016_M03018_0032_000000000-AGKY8/4SP15_R1.fastq	/Users/brow015/Downloads/data/151016_M03018_0032_000000000-AGKY8/4SP15_R2.fastq
4SP23	1609	/Users/brow015/Downloads/data/151016_M03018_0032_000000000-AGKY8/4SP23_R1.fastq	/Users/brow015/Downloads/data/151016_M03018_0032_000000000-AGKY8/4SP23_R2.fastq
4L6	6	/Users/brow015/Downloads/data/151016_M03018_0032_000000000-AGKY8/4L6_R1.fastq	/Users/brow015/Downloads/data/151016_M03018_0032_000000000-AGKY8/4L6_R2.fastq
4L14	3	/Users/brow015/Downloads/data/151016_M03018_0032_000000000-AGKY8/4L14_R1.fastq	/Users/brow015/Downloads/data/151016_M03018_0032_000000000-AGKY8/4L14_R2.fastq
4L22	11961	/Users/brow015/Downloads/data/151016_M03018_0032_000000000-AGKY8/4L22_R1.fastq	/Users/brow015/Downloads/data/151016_M03018_0032_000000000-AGKY8/4L22_R2.fastq
4L30	16366	/Users/brow015/Downloads/data/151016_M03018_0032_000000000-AGKY8/4L30_R1.fastq	/Users/brow015/Downloads/data/151016_M03018_0032_000000000-AGKY8/4L30_R2.fastq
4L38	0	/Users/brow015/Downloads/data/151016_M03018_0032_000000000-AGKY8/4L38_R1.fastq	/Users/brow015/Downloads/data/151016_M03018_0032_000000000-AGKY8/4L38_R2.fastq
4L46	2870	/Users/brow015/Downloads/data/151016_M03018_0032_000000000-AGKY8/4L46_R1.fastq	/Users/brow015/Downloads/data/151016_M03018_0032_000000000-AGKY8/4L46_R2.fastq
8L2	12	/Users/brow015/Downloads/data/151016_M03018_0032_000000000-AGKY8/8L2_R1.fastq	/Users/brow015/Downloads/data/151016_M03018_0032_000000000-AGKY8/8L2_R2.fastq
8L10	0	/Users/brow015/Downloads/data/151016_M03018_0032_000000000-AGKY8/8L10_R1.fastq	/Users/brow015/Downloads/data/151016_M03018_0032_000000000-AGKY8/8L10_R2.fastq
8L18	0	/Users/brow015/Downloads/data/151016_M03018_0032_000000000-AGKY8/8L18_R1.fastq	/Users/brow015/Downloads/data/151016_M03018_0032_000000000-AGKY8/8L18_R2.fastq
4SP8	7387	/Users/brow015/Downloads/data/151016_M03018_0032_000000000-AGKY8/4SP8_R1.fastq	/Users/brow015/Downloads/data/151016_M03018_0032_000000000-AGKY8/4SP8_R2.fastq
4SP16	3913	/Users/brow015/Downloads/data/151016_M03018_0032_000000000-AGKY8/4SP16_R1.fastq	/Users/brow015/Downloads/data/151016_M03018_0032_000000000-AGKY8/4SP16_R2.fastq
4SP24	3299	/Users/brow015/Downloads/data/151016_M03018_0032_000000000-AGKY8/4SP24_R1.fastq	/Users/brow015/Downloads/data/151016_M03018_0032_000000000-AGKY8/4SP24_R2.fastq
4L7	6255	/Users/brow015/Downloads/data/151016_M03018_0032_000000000-AGKY8/4L7_R1.fastq	/Users/brow015/Downloads/data/151016_M03018_0032_000000000-AGKY8/4L7_R2.fastq
4L15	9356	/Users/brow015/Downloads/data/151016_M03018_0032_000000000-AGKY8/4L15_R1.fastq	/Users/brow015/Downloads/data/151016_M03018_0032_000000000-AGKY8/4L15_R2.fastq
4L23	10515	/Users/brow015/Downloads/data/151016_M03018_0032_000000000-AGKY8/4L23_R1.fastq	/Users/brow015/Downloads/data/151016_M03018_0032_000000000-AGKY8/4L23_R2.fastq
4L31	4455	/Users/brow015/Downloads/data/151016_M03018_0032_000000000-AGKY8/4L31_R1.fastq	/Users/brow015/Downloads/data/151016_M03018_0032_000000000-AGKY8/4L31_R2.fastq
4L39	0	/Users/brow015/Downloads/data/151016_M03018_0032_000000000-AGKY8/4L39_R1.fastq	/Users/brow015/Downloads/data/151016_M03018_0032_000000000-AGKY8/4L39_R2.fastq
4L47	4462	/Users/brow015/Downloads/data/151016_M03018_0032_000000000-AGKY8/4L47_R1.fastq	/Users/brow015/Downloads/data/151016_M03018_0032_000000000-AGKY8/4L47_R2.fastq
8L3	4	/Users/brow015/Downloads/data/151016_M03018_0032_000000000-AGKY8/8L3_R1.fastq	/Users/brow015/Downloads/data/151016_M03018_0032_000000000-AGKY8/8L3_R2.fastq
8L11	7285	/Users/brow015/Downloads/data/151016_M03018_0032_000000000-AGKY8/8L11_R1.fastq	/Users/brow015/Downloads/data/151016_M03018_0032_000000000-AGKY8/8L11_R2.fastq
4SP1	4705	/Users/brow015/Downloads/data/151016_M03018_0032_000000000-AGKY8/4SP1_R1.fastq	/Users/brow015/Downloads/data/151016_M03018_0032_000000000-AGKY8/4SP1_R2.fastq
4SP9	4800	/Users/brow015/Downloads/data/151016_M03018_0032_000000000-AGKY8/4SP9_R1.fastq	/Users/brow015/Downloads/data/151016_M03018_0032_000000000-AGKY8/4SP9_R2.fastq
4SP17	5945	/Users/brow015/Downloads/data/151016_M03018_0032_000000000-AGKY8/4SP17_R1.fastq	/Users/brow015/Downloads/data/151016_M03018_0032_000000000-AGKY8/4SP17_R2.fastq
4SP25	2088	/Users/brow015/Downloads/data/151016_M03018_0032_000000000-AGKY8/4SP25_R1.fastq	/Users/brow015/Downloads/data/151016_M03018_0032_000000000-AGKY8/4SP25_R2.fastq
4L8	3344	/Users/brow015/Downloads/data/151016_M03018_0032_000000000-AGKY8/4L8_R1.fastq	/Users/brow015/Downloads/data/151016_M03018_0032_000000000-AGKY8/4L8_R2.fastq
4L16	683	/Users/brow015/Downloads/data/151016_M03018_0032_000000000-AGKY8/4L16_R1.fastq	/Users/brow015/Downloads/data/151016_M03018_0032_000000000-AGKY8/4L16_R2.fastq
4L24	12457	/Users/brow015/Downloads/data/151016_M03018_0032_000000000-AGKY8/4L24_R1.fastq	/Users/brow015/Downloads/data/151016_M03018_0032_000000000-AGKY8/4L24_R2.fastq
4L32	15445	/Users/brow015/Downloads/data/151016_M03018_0032_000000000-AGKY8/4L32_R1.fastq	/Users/brow015/Downloads/data/151016_M03018_0032_000000000-AGKY8/4L32_R2.fastq
4L40	0	/Users/brow015/Downloads/data/151016_M03018_0032_000000000-AGKY8/4L40_R1.fastq	/Users/brow015/Downloads/data/151016_M03018_0032_000000000-AGKY8/4L40_R2.fastq
4L48	8734	/Users/brow015/Downloads/data/151016_M03018_0032_000000000-AGKY8/4L48_R1.fastq	/Users/brow015/Downloads/data/151016_M03018_0032_000000000-AGKY8/4L48_R2.fastq
8L4	2	/Users/brow015/Downloads/data/151016_M03018_0032_000000000-AGKY8/8L4_R1.fastq	/Users/brow015/Downloads/data/151016_M03018_0032_000000000-AGKY8/8L4_R2.fastq
8L12	2456	/Users/brow015/Downloads/data/151016_M03018_0032_000000000-AGKY8/8L12_R1.fastq	/Users/brow015/Downloads/data/151016_M03018_0032_000000000-AGKY8/8L12_R2.fastq
4SP2	6026	/Users/brow015/Downloads/data/151016_M03018_0032_000000000-AGKY8/4SP2_R1.fastq	/Users/brow015/Downloads/data/151016_M03018_0032_000000000-AGKY8/4SP2_R2.fastq
4SP10	8146	/Users/brow015/Downloads/data/151016_M03018_0032_000000000-AGKY8/4SP10_R1.fastq	/Users/brow015/Downloads/data/151016_M03018_0032_000000000-AGKY8/4SP10_R2.fastq
4SP18	4740	/Users/brow015/Downloads/data/151016_M03018_0032_000000000-AGKY8/4SP18_R1.fastq	/Users/brow015/Downloads/data/151016_M03018_0032_000000000-AGKY8/4SP18_R2.fastq
4SP26	3133	/Users/brow015/Downloads/data/151016_M03018_0032_000000000-AGKY8/4SP26_R1.fastq	/Users/brow015/Downloads/data/151016_M03018_0032_000000000-AGKY8/4SP26_R2.fastq
4SP27	0	/Users/brow015/Downloads/data/151016_M03018_0032_000000000-AGKY8/4SP27_R1.fastq	/Users/brow015/Downloads/data/151016_M03018_0032_000000000-AGKY8/4SP27_R2.fastq
4SP35	0	/Users/brow015/Downloads/data/151016_M03018_0032_000000000-AGKY8/4SP35_R1.fastq	/Users/brow015/Downloads/data/151016_M03018_0032_000000000-AGKY8/4SP35_R2.fastq
4SP43	0	/Users/brow015/Downloads/data/151016_M03018_0032_000000000-AGKY8/4SP43_R1.fastq	/Users/brow015/Downloads/data/151016_M03018_0032_000000000-AGKY8/4SP43_R2.fastq
4SP51	0	/Users/brow015/Downloads/data/151016_M03018_0032_000000000-AGKY8/4SP51_R1.fastq	/Users/brow015/Downloads/data/151016_M03018_0032_000000000-AGKY8/4SP51_R2.fastq
8SP7	0	/Users/brow015/Downloads/data/151016_M03018_0032_000000000-AGKY8/8SP7_R1.fastq	/Users/brow015/Downloads/data/151016_M03018_0032_000000000-AGKY8/8SP7_R2.fastq
8SP15	0	/Users/brow015/Downloads/data/151016_M03018_0032_000000000-AGKY8/8SP15_R1.fastq	/Users/brow015/Downloads/data/151016_M03018_0032_000000000-AGKY8/8SP15_R2.fastq
plasma-5	0	/Users/brow015/Downloads/data/151016_M03018_0032_000000000-AGKY8/plasma-5_R1.fastq	/Users/brow015/Downloads/data/151016_M03018_0032_000000000-AGKY8/plasma-5_R2.fastq
4ST98	0	/Users/brow015/Downloads/data/151016_M03018_0032_000000000-AGKY8/4ST98_R1.fastq	/Users/brow015/Downloads/data/151016_M03018_0032_000000000-AGKY8/4ST98_R2.fastq
4ST100	0	/Users/brow015/Downloads/data/151016_M03018_0032_000000000-AGKY8/4ST100_R1.fastq	/Users/brow015/Downloads/data/151016_M03018_0032_000000000-AGKY8/4ST100_R2.fastq
4ST102	0	/Users/brow015/Downloads/data/151016_M03018_0032_000000000-AGKY8/4ST102_R1.fastq	/Users/brow015/Downloads/data/151016_M03018_0032_000000000-AGKY8/4ST102_R2.fastq
4ST104	0	/Users/brow015/Downloads/data/151016_M03018_0032_000000000-AGKY8/4ST104_R1.fastq	/Users/brow015/Downloads/data/151016_M03018_0032_000000000-AGKY8/4ST104_R2.fastq
8ST14	1	/Users/brow015/Downloads/data/151016_M03018_0032_000000000-AGKY8/8ST14_R1.fastq	/Users/brow015/Downloads/data/151016_M03018_0032_000000000-AGKY8/8ST14_R2.fastq
4SP28	0	/Users/brow015/Downloads/data/151016_M03018_0032_000000000-AGKY8/4SP28_R1.fastq	/Users/brow015/Downloads/data/151016_M03018_0032_000000000-AGKY8/4SP28_R2.fastq
4SP36	3	/Users/brow015/Downloads/data/151016_M03018_0032_000000000-AGKY8/4SP36_R1.fastq	/Users/brow015/Downloads/data/151016_M03018_0032_000000000-AGKY8/4SP36_R2.fastq
4SP44	0	/Users/brow015/Downloads/data/151016_M03018_0032_000000000-AGKY8/4SP44_R1.fastq	/Users/brow015/Downloads/data/151016_M03018_0032_000000000-AGKY8/4SP44_R2.fastq
4SP52	0	/Users/brow015/Downloads/data/151016_M03018_0032_000000000-AGKY8/4SP52_R1.fastq	/Users/brow015/Downloads/data/151016_M03018_0032_000000000-AGKY8/4SP52_R2.fastq
8SP8	0	/Users/brow015/Downloads/data/151016_M03018_0032_000000000-AGKY8/8SP8_R1.fastq	/Users/brow015/Downloads/data/151016_M03018_0032_000000000-AGKY8/8SP8_R2.fastq
8SP16	0	/Users/brow015/Downloads/data/151016_M03018_0032_000000000-AGKY8/8SP16_R1.fastq	/Users/brow015/Downloads/data/151016_M03018_0032_000000000-AGKY8/8SP16_R2.fastq
plasma-6	0	/Users/brow015/Downloads/data/151016_M03018_0032_000000000-AGKY8/plasma-6_R1.fastq	/Users/brow015/Downloads/data/151016_M03018_0032_000000000-AGKY8/plasma-6_R2.fastq
8ST6	0	/Users/brow015/Downloads/data/151016_M03018_0032_000000000-AGKY8/8ST6_R1.fastq	/Users/brow015/Downloads/data/151016_M03018_0032_000000000-AGKY8/8ST6_R2.fastq
8ST8	0	/Users/brow015/Downloads/data/151016_M03018_0032_000000000-AGKY8/8ST8_R1.fastq	/Users/brow015/Downloads/data/151016_M03018_0032_000000000-AGKY8/8ST8_R2.fastq
8ST10	0	/Users/brow015/Downloads/data/151016_M03018_0032_000000000-AGKY8/8ST10_R1.fastq	/Users/brow015/Downloads/data/151016_M03018_0032_000000000-AGKY8/8ST10_R2.fastq
8ST12	0	/Users/brow015/Downloads/data/151016_M03018_0032_000000000-AGKY8/8ST12_R1.fastq	/Users/brow015/Downloads/data/151016_M03018_0032_000000000-AGKY8/8ST12_R2.fastq
8ST27	0	/Users/brow015/Downloads/data/151016_M03018_0032_000000000-AGKY8/8ST27_R1.fastq	/Users/brow015/Downloads/data/151016_M03018_0032_000000000-AGKY8/8ST27_R2.fastq
4SP29	1	/Users/brow015/Downloads/data/151016_M03018_0032_000000000-AGKY8/4SP29_R1.fastq	/Users/brow015/Downloads/data/151016_M03018_0032_000000000-AGKY8/4SP29_R2.fastq
4SP37	3	/Users/brow015/Downloads/data/151016_M03018_0032_000000000-AGKY8/4SP37_R1.fastq	/Users/brow015/Downloads/data/151016_M03018_0032_000000000-AGKY8/4SP37_R2.fastq
4SP45	0	/Users/brow015/Downloads/data/151016_M03018_0032_000000000-AGKY8/4SP45_R1.fastq	/Users/brow015/Downloads/data/151016_M03018_0032_000000000-AGKY8/4SP45_R2.fastq
8SP1	0	/Users/brow015/Downloads/data/151016_M03018_0032_000000000-AGKY8/8SP1_R1.fastq	/Users/brow015/Downloads/data/151016_M03018_0032_000000000-AGKY8/8SP1_R2.fastq
8SP9	0	/Users/brow015/Downloads/data/151016_M03018_0032_000000000-AGKY8/8SP9_R1.fastq	/Users/brow015/Downloads/data/151016_M03018_0032_000000000-AGKY8/8SP9_R2.fastq
8SP17	0	/Users/brow015/Downloads/data/151016_M03018_0032_000000000-AGKY8/8SP17_R1.fastq	/Users/brow015/Downloads/data/151016_M03018_0032_000000000-AGKY8/8SP17_R2.fastq
plasma-7	0	/Users/brow015/Downloads/data/151016_M03018_0032_000000000-AGKY8/plasma-7_R1.fastq	/Users/brow015/Downloads/data/151016_M03018_0032_000000000-AGKY8/plasma-7_R2.fastq
8ST18	3	/Users/brow015/Downloads/data/151016_M03018_0032_000000000-AGKY8/8ST18_R1.fastq	/Users/brow015/Downloads/data/151016_M03018_0032_000000000-AGKY8/8ST18_R2.fastq
8ST20	0	/Users/brow015/Downloads/data/151016_M03018_0032_000000000-AGKY8/8ST20_R1.fastq	/Users/brow015/Downloads/data/151016_M03018_0032_000000000-AGKY8/8ST20_R2.fastq
8ST22	0	/Users/brow015/Downloads/data/151016_M03018_0032_000000000-AGKY8/8ST22_R1.fastq	/Users/brow015/Downloads/data/151016_M03018_0032_000000000-AGKY8/8ST22_R2.fastq
8ST25	0	/Users/brow015/Downloads/data/151016_M03018_0032_000000000-AGKY8/8ST25_R1.fastq	/Users/brow015/Downloads/data/151016_M03018_0032_000000000-AGKY8/8ST25_R2.fastq
8ST3	0	/Users/brow015/Downloads/data/151016_M03018_0032_000000000-AGKY8/8ST3_R1.fastq	/Users/brow015/Downloads/data/151016_M03018_0032_000000000-AGKY8/8ST3_R2.fastq
4SP30	0	/Users/brow015/Downloads/data/151016_M03018_0032_000000000-AGKY8/4SP30_R1.fastq	/Users/brow015/Downloads/data/151016_M03018_0032_000000000-AGKY8/4SP30_R2.fastq
4SP38	0	/Users/brow015/Downloads/data/151016_M03018_0032_000000000-AGKY8/4SP38_R1.fastq	/Users/brow015/Downloads/data/151016_M03018_0032_000000000-AGKY8/4SP38_R2.fastq
4SP46	0	/Users/brow015/Downloads/data/151016_M03018_0032_000000000-AGKY8/4SP46_R1.fastq	/Users/brow015/Downloads/data/151016_M03018_0032_000000000-AGKY8/4SP46_R2.fastq
8SP2	1	/Users/brow015/Downloads/data/151016_M03018_0032_000000000-AGKY8/8SP2_R1.fastq	/Users/brow015/Downloads/data/151016_M03018_0032_000000000-AGKY8/8SP2_R2.fastq
8SP10	0	/Users/brow015/Downloads/data/151016_M03018_0032_000000000-AGKY8/8SP10_R1.fastq	/Users/brow015/Downloads/data/151016_M03018_0032_000000000-AGKY8/8SP10_R2.fastq
8SP18	0	/Users/brow015/Downloads/data/151016_M03018_0032_000000000-AGKY8/8SP18_R1.fastq	/Users/brow015/Downloads/data/151016_M03018_0032_000000000-AGKY8/8SP18_R2.fastq
plasma-8	0	/Users/brow015/Downloads/data/151016_M03018_0032_000000000-AGKY8/plasma-8_R1.fastq	/Users/brow015/Downloads/data/151016_M03018_0032_000000000-AGKY8/plasma-8_R2.fastq
8ST31	0	/Users/brow015/Downloads/data/151016_M03018_0032_000000000-AGKY8/8ST31_R1.fastq	/Users/brow015/Downloads/data/151016_M03018_0032_000000000-AGKY8/8ST31_R2.fastq
8ST33	0	/Users/brow015/Downloads/data/151016_M03018_0032_000000000-AGKY8/8ST33_R1.fastq	/Users/brow015/Downloads/data/151016_M03018_0032_000000000-AGKY8/8ST33_R2.fastq
8ST35	0	/Users/brow015/Downloads/data/151016_M03018_0032_000000000-AGKY8/8ST35_R1.fastq	/Users/brow015/Downloads/data/151016_M03018_0032_000000000-AGKY8/8ST35_R2.fastq
8ST37	0	/Users/brow015/Downloads/data/151016_M03018_0032_000000000-AGKY8/8ST37_R1.fastq	/Users/brow015/Downloads/data/151016_M03018_0032_000000000-AGKY8/8ST37_R2.fastq
8ST15	0	/Users/brow015/Downloads/data/151016_M03018_0032_000000000-AGKY8/8ST15_R1.fastq	/Users/brow015/Downloads/data/151016_M03018_0032_000000000-AGKY8/8ST15_R2.fastq
4SP31	0	/Users/brow015/Downloads/data/151016_M03018_0032_000000000-AGKY8/4SP31_R1.fastq	/Users/brow015/Downloads/data/151016_M03018_0032_000000000-AGKY8/4SP31_R2.fastq
4SP39	0	/Users/brow015/Downloads/data/151016_M03018_0032_000000000-AGKY8/4SP39_R1.fastq	/Users/brow015/Downloads/data/151016_M03018_0032_000000000-AGKY8/4SP39_R2.fastq
4SP47	0	/Users/brow015/Downloads/data/151016_M03018_0032_000000000-AGKY8/4SP47_R1.fastq	/Users/brow015/Downloads/data/151016_M03018_0032_000000000-AGKY8/4SP47_R2.fastq
8SP3	1	/Users/brow015/Downloads/data/151016_M03018_0032_000000000-AGKY8/8SP3_R1.fastq	/Users/brow015/Downloads/data/151016_M03018_0032_000000000-AGKY8/8SP3_R2.fastq
8SP11	0	/Users/brow015/Downloads/data/151016_M03018_0032_000000000-AGKY8/8SP11_R1.fastq	/Users/brow015/Downloads/data/151016_M03018_0032_000000000-AGKY8/8SP11_R2.fastq
plasma-1	0	/Users/brow015/Downloads/data/151016_M03018_0032_000000000-AGKY8/plasma-1_R1.fastq	/Users/brow015/Downloads/data/151016_M03018_0032_000000000-AGKY8/plasma-1_R2.fastq
4ST97	0	/Users/brow015/Downloads/data/151016_M03018_0032_000000000-AGKY8/4ST97_R1.fastq	/Users/brow015/Downloads/data/151016_M03018_0032_000000000-AGKY8/4ST97_R2.fastq
4ST99	0	/Users/brow015/Downloads/data/151016_M03018_0032_000000000-AGKY8/4ST99_R1.fastq	/Users/brow015/Downloads/data/151016_M03018_0032_000000000-AGKY8/4ST99_R2.fastq
4ST101	0	/Users/brow015/Downloads/data/151016_M03018_0032_000000000-AGKY8/4ST101_R1.fastq	/Users/brow015/Downloads/data/151016_M03018_0032_000000000-AGKY8/4ST101_R2.fastq
4ST103	0	/Users/brow015/Downloads/data/151016_M03018_0032_000000000-AGKY8/4ST103_R1.fastq	/Users/brow015/Downloads/data/151016_M03018_0032_000000000-AGKY8/4ST103_R2.fastq
8ST1	0	/Users/brow015/Downloads/data/151016_M03018_0032_000000000-AGKY8/8ST1_R1.fastq	/Users/brow015/Downloads/data/151016_M03018_0032_000000000-AGKY8/8ST1_R2.fastq
8ST28	1	/Users/brow015/Downloads/data/151016_M03018_0032_000000000-AGKY8/8ST28_R1.fastq	/Users/brow015/Downloads/data/151016_M03018_0032_000000000-AGKY8/8ST28_R2.fastq
4SP32	0	/Users/brow015/Downloads/data/151016_M03018_0032_000000000-AGKY8/4SP32_R1.fastq	/Users/brow015/Downloads/data/151016_M03018_0032_000000000-AGKY8/4SP32_R2.fastq
4SP40	0	/Users/brow015/Downloads/data/151016_M03018_0032_000000000-AGKY8/4SP40_R1.fastq	/Users/brow015/Downloads/data/151016_M03018_0032_000000000-AGKY8/4SP40_R2.fastq
4SP48	0	/Users/brow015/Downloads/data/151016_M03018_0032_000000000-AGKY8/4SP48_R1.fastq	/Users/brow015/Downloads/data/151016_M03018_0032_000000000-AGKY8/4SP48_R2.fastq
8SP4	0	/Users/brow015/Downloads/data/151016_M03018_0032_000000000-AGKY8/8SP4_R1.fastq	/Users/brow015/Downloads/data/151016_M03018_0032_000000000-AGKY8/8SP4_R2.fastq
8SP12	0	/Users/brow015/Downloads/data/151016_M03018_0032_000000000-AGKY8/8SP12_R1.fastq	/Users/brow015/Downloads/data/151016_M03018_0032_000000000-AGKY8/8SP12_R2.fastq
plasma-2	0	/Users/brow015/Downloads/data/151016_M03018_0032_000000000-AGKY8/plasma-2_R1.fastq	/Users/brow015/Downloads/data/151016_M03018_0032_000000000-AGKY8/plasma-2_R2.fastq
8ST5	1	/Users/brow015/Downloads/data/151016_M03018_0032_000000000-AGKY8/8ST5_R1.fastq	/Users/brow015/Downloads/data/151016_M03018_0032_000000000-AGKY8/8ST5_R2.fastq
8ST7	0	/Users/brow015/Downloads/data/151016_M03018_0032_000000000-AGKY8/8ST7_R1.fastq	/Users/brow015/Downloads/data/151016_M03018_0032_000000000-AGKY8/8ST7_R2.fastq
8ST9	0	/Users/brow015/Downloads/data/151016_M03018_0032_000000000-AGKY8/8ST9_R1.fastq	/Users/brow015/Downloads/data/151016_M03018_0032_000000000-AGKY8/8ST9_R2.fastq
8ST11	0	/Users/brow015/Downloads/data/151016_M03018_0032_000000000-AGKY8/8ST11_R1.fastq	/Users/brow015/Downloads/data/151016_M03018_0032_000000000-AGKY8/8ST11_R2.fastq
8ST13	0	/Users/brow015/Downloads/data/151016_M03018_0032_000000000-AGKY8/8ST13_R1.fastq	/Users/brow015/Downloads/data/151016_M03018_0032_000000000-AGKY8/8ST13_R2.fastq
8ST4	0	/Users/brow015/Downloads/data/151016_M03018_0032_000000000-AGKY8/8ST4_R1.fastq	/Users/brow015/Downloads/data/151016_M03018_0032_000000000-AGKY8/8ST4_R2.fastq
4SP33	0	/Users/brow015/Downloads/data/151016_M03018_0032_000000000-AGKY8/4SP33_R1.fastq	/Users/brow015/Downloads/data/151016_M03018_0032_000000000-AGKY8/4SP33_R2.fastq
4SP41	0	/Users/brow015/Downloads/data/151016_M03018_0032_000000000-AGKY8/4SP41_R1.fastq	/Users/brow015/Downloads/data/151016_M03018_0032_000000000-AGKY8/4SP41_R2.fastq
4SP49	0	/Users/brow015/Downloads/data/151016_M03018_0032_000000000-AGKY8/4SP49_R1.fastq	/Users/brow015/Downloads/data/151016_M03018_0032_000000000-AGKY8/4SP49_R2.fastq
8SP5	0	/Users/brow015/Downloads/data/151016_M03018_0032_000000000-AGKY8/8SP5_R1.fastq	/Users/brow015/Downloads/data/151016_M03018_0032_000000000-AGKY8/8SP5_R2.fastq
8SP13	0	/Users/brow015/Downloads/data/151016_M03018_0032_000000000-AGKY8/8SP13_R1.fastq	/Users/brow015/Downloads/data/151016_M03018_0032_000000000-AGKY8/8SP13_R2.fastq
plasma-3	0	/Users/brow015/Downloads/data/151016_M03018_0032_000000000-AGKY8/plasma-3_R1.fastq	/Users/brow015/Downloads/data/151016_M03018_0032_000000000-AGKY8/plasma-3_R2.fastq
8ST17	0	/Users/brow015/Downloads/data/151016_M03018_0032_000000000-AGKY8/8ST17_R1.fastq	/Users/brow015/Downloads/data/151016_M03018_0032_000000000-AGKY8/8ST17_R2.fastq
8ST19	0	/Users/brow015/Downloads/data/151016_M03018_0032_000000000-AGKY8/8ST19_R1.fastq	/Users/brow015/Downloads/data/151016_M03018_0032_000000000-AGKY8/8ST19_R2.fastq
8ST21	0	/Users/brow015/Downloads/data/151016_M03018_0032_000000000-AGKY8/8ST21_R1.fastq	/Users/brow015/Downloads/data/151016_M03018_0032_000000000-AGKY8/8ST21_R2.fastq
8ST24	0	/Users/brow015/Downloads/data/151016_M03018_0032_000000000-AGKY8/8ST24_R1.fastq	/Users/brow015/Downloads/data/151016_M03018_0032_000000000-AGKY8/8ST24_R2.fastq
8ST26	0	/Users/brow015/Downloads/data/151016_M03018_0032_000000000-AGKY8/8ST26_R1.fastq	/Users/brow015/Downloads/data/151016_M03018_0032_000000000-AGKY8/8ST26_R2.fastq
8ST16	0	/Users/brow015/Downloads/data/151016_M03018_0032_000000000-AGKY8/8ST16_R1.fastq	/Users/brow015/Downloads/data/151016_M03018_0032_000000000-AGKY8/8ST16_R2.fastq
4SP34	0	/Users/brow015/Downloads/data/151016_M03018_0032_000000000-AGKY8/4SP34_R1.fastq	/Users/brow015/Downloads/data/151016_M03018_0032_000000000-AGKY8/4SP34_R2.fastq
4SP42	0	/Users/brow015/Downloads/data/151016_M03018_0032_000000000-AGKY8/4SP42_R1.fastq	/Users/brow015/Downloads/data/151016_M03018_0032_000000000-AGKY8/4SP42_R2.fastq
4SP50	1	/Users/brow015/Downloads/data/151016_M03018_0032_000000000-AGKY8/4SP50_R1.fastq	/Users/brow015/Downloads/data/151016_M03018_0032_000000000-AGKY8/4SP50_R2.fastq
8SP6	0	/Users/brow015/Downloads/data/151016_M03018_0032_000000000-AGKY8/8SP6_R1.fastq	/Users/brow015/Downloads/data/151016_M03018_0032_000000000-AGKY8/8SP6_R2.fastq
8SP14	0	/Users/brow015/Downloads/data/151016_M03018_0032_000000000-AGKY8/8SP14_R1.fastq	/Users/brow015/Downloads/data/151016_M03018_0032_000000000-AGKY8/8SP14_R2.fastq
plasma-4	0	/Users/brow015/Downloads/data/151016_M03018_0032_000000000-AGKY8/plasma-4_R1.fastq	/Users/brow015/Downloads/data/151016_M03018_0032_000000000-AGKY8/plasma-4_R2.fastq
8ST30	0	/Users/brow015/Downloads/data/151016_M03018_0032_000000000-AGKY8/8ST30_R1.fastq	/Users/brow015/Downloads/data/151016_M03018_0032_000000000-AGKY8/8ST30_R2.fastq
8ST32	0	/Users/brow015/Downloads/data/151016_M03018_0032_000000000-AGKY8/8ST32_R1.fastq	/Users/brow015/Downloads/data/151016_M03018_0032_000000000-AGKY8/8ST32_R2.fastq
8ST34	0	/Users/brow015/Downloads/data/151016_M03018_0032_000000000-AGKY8/8ST34_R1.fastq	/Users/brow015/Downloads/data/151016_M03018_0032_000000000-AGKY8/8ST34_R2.fastq
8ST36	0	/Users/brow015/Downloads/data/151016_M03018_0032_000000000-AGKY8/8ST36_R1.fastq	/Users/brow015/Downloads/data/151016_M03018_0032_000000000-AGKY8/8ST36_R2.fastq
8ST2	0	/Users/brow015/Downloads/data/151016_M03018_0032_000000000-AGKY8/8ST2_R1.fastq	/Users/brow015/Downloads/data/151016_M03018_0032_000000000-AGKY8/8ST2_R2.fastq
8ST29	0	/Users/brow015/Downloads/data/151016_M03018_0032_000000000-AGKY8/8ST29_R1.fastq	/Users/brow015/Downloads/data/151016_M03018_0032_000000000-AGKY8/8ST29_R2.fastq
4ST1	0	/Users/brow015/Downloads/data/151016_M03018_0032_000000000-AGKY8/4ST1_R1.fastq	/Users/brow015/Downloads/data/151016_M03018_0032_000000000-AGKY8/4ST1_R2.fastq
4ST2	0	/Users/brow015/Downloads/data/151016_M03018_0032_000000000-AGKY8/4ST2_R1.fastq	/Users/brow015/Downloads/data/151016_M03018_0032_000000000-AGKY8/4ST2_R2.fastq
4ST3	0	/Users/brow015/Downloads/data/151016_M03018_0032_000000000-AGKY8/4ST3_R1.fastq	/Users/brow015/Downloads/data/151016_M03018_0032_000000000-AGKY8/4ST3_R2.fastq
4ST4	0	/Users/brow015/Downloads/data/151016_M03018_0032_000000000-AGKY8/4ST4_R1.fastq	/Users/brow015/Downloads/data/151016_M03018_0032_000000000-AGKY8/4ST4_R2.fastq
4ST5	0	/Users/brow015/Downloads/data/151016_M03018_0032_000000000-AGKY8/4ST5_R1.fastq	/Users/brow015/Downloads/data/151016_M03018_0032_000000000-AGKY8/4ST5_R2.fastq
4ST6	1	/Users/brow015/Downloads/data/151016_M03018_0032_000000000-AGKY8/4ST6_R1.fastq	/Users/brow015/Downloads/data/151016_M03018_0032_000000000-AGKY8/4ST6_R2.fastq
4ST7	0	/Users/brow015/Downloads/data/151016_M03018_0032_000000000-AGKY8/4ST7_R1.fastq	/Users/brow015/Downloads/data/151016_M03018_0032_000000000-AGKY8/4ST7_R2.fastq
4ST8	0	/Users/brow015/Downloads/data/151016_M03018_0032_000000000-AGKY8/4ST8_R1.fastq	/Users/brow015/Downloads/data/151016_M03018_0032_000000000-AGKY8/4ST8_R2.fastq
4ST9	0	/Users/brow015/Downloads/data/151016_M03018_0032_000000000-AGKY8/4ST9_R1.fastq	/Users/brow015/Downloads/data/151016_M03018_0032_000000000-AGKY8/4ST9_R2.fastq
4ST10	0	/Users/brow015/Downloads/data/151016_M03018_0032_000000000-AGKY8/4ST10_R1.fastq	/Users/brow015/Downloads/data/151016_M03018_0032_000000000-AGKY8/4ST10_R2.fastq
4ST11	0	/Users/brow015/Downloads/data/151016_M03018_0032_000000000-AGKY8/4ST11_R1.fastq	/Users/brow015/Downloads/data/151016_M03018_0032_000000000-AGKY8/4ST11_R2.fastq
4ST12	0	/Users/brow015/Downloads/data/151016_M03018_0032_000000000-AGKY8/4ST12_R1.fastq	/Users/brow015/Downloads/data/151016_M03018_0032_000000000-AGKY8/4ST12_R2.fastq
4ST13	0	/Users/brow015/Downloads/data/151016_M03018_0032_000000000-AGKY8/4ST13_R1.fastq	/Users/brow015/Downloads/data/151016_M03018_0032_000000000-AGKY8/4ST13_R2.fastq
4ST14	0	/Users/brow015/Downloads/data/151016_M03018_0032_000000000-AGKY8/4ST14_R1.fastq	/Users/brow015/Downloads/data/151016_M03018_0032_000000000-AGKY8/4ST14_R2.fastq
4ST15	0	/Users/brow015/Downloads/data/151016_M03018_0032_000000000-AGKY8/4ST15_R1.fastq	/Users/brow015/Downloads/data/151016_M03018_0032_000000000-AGKY8/4ST15_R2.fastq
4ST16	0	/Users/brow015/Downloads/data/151016_M03018_0032_000000000-AGKY8/4ST16_R1.fastq	/Users/brow015/Downloads/data/151016_M03018_0032_000000000-AGKY8/4ST16_R2.fastq
4ST17	0	/Users/brow015/Downloads/data/151016_M03018_0032_000000000-AGKY8/4ST17_R1.fastq	/Users/brow015/Downloads/data/151016_M03018_0032_000000000-AGKY8/4ST17_R2.fastq
4ST18	0	/Users/brow015/Downloads/data/151016_M03018_0032_000000000-AGKY8/4ST18_R1.fastq	/Users/brow015/Downloads/data/151016_M03018_0032_000000000-AGKY8/4ST18_R2.fastq
4ST19	0	/Users/brow015/Downloads/data/151016_M03018_0032_000000000-AGKY8/4ST19_R1.fastq	/Users/brow015/Downloads/data/151016_M03018_0032_000000000-AGKY8/4ST19_R2.fastq
4ST20	0	/Users/brow015/Downloads/data/151016_M03018_0032_000000000-AGKY8/4ST20_R1.fastq	/Users/brow015/Downloads/data/151016_M03018_0032_000000000-AGKY8/4ST20_R2.fastq
4ST21	0	/Users/brow015/Downloads/data/151016_M03018_0032_000000000-AGKY8/4ST21_R1.fastq	/Users/brow015/Downloads/data/151016_M03018_0032_000000000-AGKY8/4ST21_R2.fastq
4ST22	0	/Users/brow015/Downloads/data/151016_M03018_0032_000000000-AGKY8/4ST22_R1.fastq	/Users/brow015/Downloads/data/151016_M03018_0032_000000000-AGKY8/4ST22_R2.fastq
4ST23	0	/Users/brow015/Downloads/data/151016_M03018_0032_000000000-AGKY8/4ST23_R1.fastq	/Users/brow015/Downloads/data/151016_M03018_0032_000000000-AGKY8/4ST23_R2.fastq
4ST24	0	/Users/brow015/Downloads/data/151016_M03018_0032_000000000-AGKY8/4ST24_R1.fastq	/Users/brow015/Downloads/data/151016_M03018_0032_000000000-AGKY8/4ST24_R2.fastq
4ST25	0	/Users/brow015/Downloads/data/151016_M03018_0032_000000000-AGKY8/4ST25_R1.fastq	/Users/brow015/Downloads/data/151016_M03018_0032_000000000-AGKY8/4ST25_R2.fastq
4ST26	0	/Users/brow015/Downloads/data/151016_M03018_0032_000000000-AGKY8/4ST26_R1.fastq	/Users/brow015/Downloads/data/151016_M03018_0032_000000000-AGKY8/4ST26_R2.fastq
4ST27	0	/Users/brow015/Downloads/data/151016_M03018_0032_000000000-AGKY8/4ST27_R1.fastq	/Users/brow015/Downloads/data/151016_M03018_0032_000000000-AGKY8/4ST27_R2.fastq
4ST28	0	/Users/brow015/Downloads/data/151016_M03018_0032_000000000-AGKY8/4ST28_R1.fastq	/Users/brow015/Downloads/data/151016_M03018_0032_000000000-AGKY8/4ST28_R2.fastq
4ST29	0	/Users/brow015/Downloads/data/151016_M03018_0032_000000000-AGKY8/4ST29_R1.fastq	/Users/brow015/Downloads/data/151016_M03018_0032_000000000-AGKY8/4ST29_R2.fastq
4ST30	0	/Users/brow015/Downloads/data/151016_M03018_0032_000000000-AGKY8/4ST30_R1.fastq	/Users/brow015/Downloads/data/151016_M03018_0032_000000000-AGKY8/4ST30_R2.fastq
4ST31	0	/Users/brow015/Downloads/data/151016_M03018_0032_000000000-AGKY8/4ST31_R1.fastq	/Users/brow015/Downloads/data/151016_M03018_0032_000000000-AGKY8/4ST31_R2.fastq
4ST32	1	/Users/brow015/Downloads/data/151016_M03018_0032_000000000-AGKY8/4ST32_R1.fastq	/Users/brow015/Downloads/data/151016_M03018_0032_000000000-AGKY8/4ST32_R2.fastq
4ST33	0	/Users/brow015/Downloads/data/151016_M03018_0032_000000000-AGKY8/4ST33_R1.fastq	/Users/brow015/Downloads/data/151016_M03018_0032_000000000-AGKY8/4ST33_R2.fastq
4ST34	0	/Users/brow015/Downloads/data/151016_M03018_0032_000000000-AGKY8/4ST34_R1.fastq	/Users/brow015/Downloads/data/151016_M03018_0032_000000000-AGKY8/4ST34_R2.fastq
4ST35	0	/Users/brow015/Downloads/data/151016_M03018_0032_000000000-AGKY8/4ST35_R1.fastq	/Users/brow015/Downloads/data/151016_M03018_0032_000000000-AGKY8/4ST35_R2.fastq
4ST36	0	/Users/brow015/Downloads/data/151016_M03018_0032_000000000-AGKY8/4ST36_R1.fastq	/Users/brow015/Downloads/data/151016_M03018_0032_000000000-AGKY8/4ST36_R2.fastq
4ST37	0	/Users/brow015/Downloads/data/151016_M03018_0032_000000000-AGKY8/4ST37_R1.fastq	/Users/brow015/Downloads/data/151016_M03018_0032_000000000-AGKY8/4ST37_R2.fastq
4ST38	0	/Users/brow015/Downloads/data/151016_M03018_0032_000000000-AGKY8/4ST38_R1.fastq	/Users/brow015/Downloads/data/151016_M03018_0032_000000000-AGKY8/4ST38_R2.fastq
4ST39	0	/Users/brow015/Downloads/data/151016_M03018_0032_000000000-AGKY8/4ST39_R1.fastq	/Users/brow015/Downloads/data/151016_M03018_0032_000000000-AGKY8/4ST39_R2.fastq
4ST40	0	/Users/brow015/Downloads/data/151016_M03018_0032_000000000-AGKY8/4ST40_R1.fastq	/Users/brow015/Downloads/data/151016_M03018_0032_000000000-AGKY8/4ST40_R2.fastq
4ST41	0	/Users/brow015/Downloads/data/151016_M03018_0032_000000000-AGKY8/4ST41_R1.fastq	/Users/brow015/Downloads/data/151016_M03018_0032_000000000-AGKY8/4ST41_R2.fastq
4ST42	0	/Users/brow015/Downloads/data/151016_M03018_0032_000000000-AGKY8/4ST42_R1.fastq	/Users/brow015/Downloads/data/151016_M03018_0032_000000000-AGKY8/4ST42_R2.fastq
4ST43	0	/Users/brow015/Downloads/data/151016_M03018_0032_000000000-AGKY8/4ST43_R1.fastq	/Users/brow015/Downloads/data/151016_M03018_0032_000000000-AGKY8/4ST43_R2.fastq
4ST44	0	/Users/brow015/Downloads/data/151016_M03018_0032_000000000-AGKY8/4ST44_R1.fastq	/Users/brow015/Downloads/data/151016_M03018_0032_000000000-AGKY8/4ST44_R2.fastq
4ST45	0	/Users/brow015/Downloads/data/151016_M03018_0032_000000000-AGKY8/4ST45_R1.fastq	/Users/brow015/Downloads/data/151016_M03018_0032_000000000-AGKY8/4ST45_R2.fastq
4ST46	0	/Users/brow015/Downloads/data/151016_M03018_0032_000000000-AGKY8/4ST46_R1.fastq	/Users/brow015/Downloads/data/151016_M03018_0032_000000000-AGKY8/4ST46_R2.fastq
4ST47	0	/Users/brow015/Downloads/data/151016_M03018_0032_000000000-AGKY8/4ST47_R1.fastq	/Users/brow015/Downloads/data/151016_M03018_0032_000000000-AGKY8/4ST47_R2.fastq
4ST48	0	/Users/brow015/Downloads/data/151016_M03018_0032_000000000-AGKY8/4ST48_R1.fastq	/Users/brow015/Downloads/data/151016_M03018_0032_000000000-AGKY8/4ST48_R2.fastq
4ST49	0	/Users/brow015/Downloads/data/151016_M03018_0032_000000000-AGKY8/4ST49_R1.fastq	/Users/brow015/Downloads/data/151016_M03018_0032_000000000-AGKY8/4ST49_R2.fastq
4ST50	0	/Users/brow015/Downloads/data/151016_M03018_0032_000000000-AGKY8/4ST50_R1.fastq	/Users/brow015/Downloads/data/151016_M03018_0032_000000000-AGKY8/4ST50_R2.fastq
4ST51	0	/Users/brow015/Downloads/data/151016_M03018_0032_000000000-AGKY8/4ST51_R1.fastq	/Users/brow015/Downloads/data/151016_M03018_0032_000000000-AGKY8/4ST51_R2.fastq
4ST52	0	/Users/brow015/Downloads/data/151016_M03018_0032_000000000-AGKY8/4ST52_R1.fastq	/Users/brow015/Downloads/data/151016_M03018_0032_000000000-AGKY8/4ST52_R2.fastq
4ST53	0	/Users/brow015/Downloads/data/151016_M03018_0032_000000000-AGKY8/4ST53_R1.fastq	/Users/brow015/Downloads/data/151016_M03018_0032_000000000-AGKY8/4ST53_R2.fastq
4ST54	0	/Users/brow015/Downloads/data/151016_M03018_0032_000000000-AGKY8/4ST54_R1.fastq	/Users/brow015/Downloads/data/151016_M03018_0032_000000000-AGKY8/4ST54_R2.fastq
4ST55	0	/Users/brow015/Downloads/data/151016_M03018_0032_000000000-AGKY8/4ST55_R1.fastq	/Users/brow015/Downloads/data/151016_M03018_0032_000000000-AGKY8/4ST55_R2.fastq
4ST56	0	/Users/brow015/Downloads/data/151016_M03018_0032_000000000-AGKY8/4ST56_R1.fastq	/Users/brow015/Downloads/data/151016_M03018_0032_000000000-AGKY8/4ST56_R2.fastq
4ST57	0	/Users/brow015/Downloads/data/151016_M03018_0032_000000000-AGKY8/4ST57_R1.fastq	/Users/brow015/Downloads/data/151016_M03018_0032_000000000-AGKY8/4ST57_R2.fastq
4ST58	0	/Users/brow015/Downloads/data/151016_M03018_0032_000000000-AGKY8/4ST58_R1.fastq	/Users/brow015/Downloads/data/151016_M03018_0032_000000000-AGKY8/4ST58_R2.fastq
4ST59	0	/Users/brow015/Downloads/data/151016_M03018_0032_000000000-AGKY8/4ST59_R1.fastq	/Users/brow015/Downloads/data/151016_M03018_0032_000000000-AGKY8/4ST59_R2.fastq
4ST60	0	/Users/brow015/Downloads/data/151016_M03018_0032_000000000-AGKY8/4ST60_R1.fastq	/Users/brow015/Downloads/data/151016_M03018_0032_000000000-AGKY8/4ST60_R2.fastq
4ST61	3	/Users/brow015/Downloads/data/151016_M03018_0032_000000000-AGKY8/4ST61_R1.fastq	/Users/brow015/Downloads/data/151016_M03018_0032_000000000-AGKY8/4ST61_R2.fastq
4ST62	0	/Users/brow015/Downloads/data/151016_M03018_0032_000000000-AGKY8/4ST62_R1.fastq	/Users/brow015/Downloads/data/151016_M03018_0032_000000000-AGKY8/4ST62_R2.fastq
4ST63	0	/Users/brow015/Downloads/data/151016_M03018_0032_000000000-AGKY8/4ST63_R1.fastq	/Users/brow015/Downloads/data/151016_M03018_0032_000000000-AGKY8/4ST63_R2.fastq
4ST64	0	/Users/brow015/Downloads/data/151016_M03018_0032_000000000-AGKY8/4ST64_R1.fastq	/Users/brow015/Downloads/data/151016_M03018_0032_000000000-AGKY8/4ST64_R2.fastq
4ST65	0	/Users/brow015/Downloads/data/151016_M03018_0032_000000000-AGKY8/4ST65_R1.fastq	/Users/brow015/Downloads/data/151016_M03018_0032_000000000-AGKY8/4ST65_R2.fastq
4ST66	0	/Users/brow015/Downloads/data/151016_M03018_0032_000000000-AGKY8/4ST66_R1.fastq	/Users/brow015/Downloads/data/151016_M03018_0032_000000000-AGKY8/4ST66_R2.fastq
4ST67	0	/Users/brow015/Downloads/data/151016_M03018_0032_000000000-AGKY8/4ST67_R1.fastq	/Users/brow015/Downloads/data/151016_M03018_0032_000000000-AGKY8/4ST67_R2.fastq
4ST68	0	/Users/brow015/Downloads/data/151016_M03018_0032_000000000-AGKY8/4ST68_R1.fastq	/Users/brow015/Downloads/data/151016_M03018_0032_000000000-AGKY8/4ST68_R2.fastq
4ST69	0	/Users/brow015/Downloads/data/151016_M03018_0032_000000000-AGKY8/4ST69_R1.fastq	/Users/brow015/Downloads/data/151016_M03018_0032_000000000-AGKY8/4ST69_R2.fastq
4ST70	0	/Users/brow015/Downloads/data/151016_M03018_0032_000000000-AGKY8/4ST70_R1.fastq	/Users/brow015/Downloads/data/151016_M03018_0032_000000000-AGKY8/4ST70_R2.fastq
4ST71	0	/Users/brow015/Downloads/data/151016_M03018_0032_000000000-AGKY8/4ST71_R1.fastq	/Users/brow015/Downloads/data/151016_M03018_0032_000000000-AGKY8/4ST71_R2.fastq
4ST72	0	/Users/brow015/Downloads/data/151016_M03018_0032_000000000-AGKY8/4ST72_R1.fastq	/Users/brow015/Downloads/data/151016_M03018_0032_000000000-AGKY8/4ST72_R2.fastq
4ST73	0	/Users/brow015/Downloads/data/151016_M03018_0032_000000000-AGKY8/4ST73_R1.fastq	/Users/brow015/Downloads/data/151016_M03018_0032_000000000-AGKY8/4ST73_R2.fastq
4ST74	0	/Users/brow015/Downloads/data/151016_M03018_0032_000000000-AGKY8/4ST74_R1.fastq	/Users/brow015/Downloads/data/151016_M03018_0032_000000000-AGKY8/4ST74_R2.fastq
4ST75	1	/Users/brow015/Downloads/data/151016_M03018_0032_000000000-AGKY8/4ST75_R1.fastq	/Users/brow015/Downloads/data/151016_M03018_0032_000000000-AGKY8/4ST75_R2.fastq
4ST76	0	/Users/brow015/Downloads/data/151016_M03018_0032_000000000-AGKY8/4ST76_R1.fastq	/Users/brow015/Downloads/data/151016_M03018_0032_000000000-AGKY8/4ST76_R2.fastq
4ST77	0	/Users/brow015/Downloads/data/151016_M03018_0032_000000000-AGKY8/4ST77_R1.fastq	/Users/brow015/Downloads/data/151016_M03018_0032_000000000-AGKY8/4ST77_R2.fastq
4ST78	0	/Users/brow015/Downloads/data/151016_M03018_0032_000000000-AGKY8/4ST78_R1.fastq	/Users/brow015/Downloads/data/151016_M03018_0032_000000000-AGKY8/4ST78_R2.fastq
4ST79	0	/Users/brow015/Downloads/data/151016_M03018_0032_000000000-AGKY8/4ST79_R1.fastq	/Users/brow015/Downloads/data/151016_M03018_0032_000000000-AGKY8/4ST79_R2.fastq
4ST80	0	/Users/brow015/Downloads/data/151016_M03018_0032_000000000-AGKY8/4ST80_R1.fastq	/Users/brow015/Downloads/data/151016_M03018_0032_000000000-AGKY8/4ST80_R2.fastq
4ST81	0	/Users/brow015/Downloads/data/151016_M03018_0032_000000000-AGKY8/4ST81_R1.fastq	/Users/brow015/Downloads/data/151016_M03018_0032_000000000-AGKY8/4ST81_R2.fastq
4ST82-1	0	/Users/brow015/Downloads/data/151016_M03018_0032_000000000-AGKY8/4ST82-1_R1.fastq	/Users/brow015/Downloads/data/151016_M03018_0032_000000000-AGKY8/4ST82-1_R2.fastq
4ST82-2	0	/Users/brow015/Downloads/data/151016_M03018_0032_000000000-AGKY8/4ST82-2_R1.fastq	/Users/brow015/Downloads/data/151016_M03018_0032_000000000-AGKY8/4ST82-2_R2.fastq
4ST84	0	/Users/brow015/Downloads/data/151016_M03018_0032_000000000-AGKY8/4ST84_R1.fastq	/Users/brow015/Downloads/data/151016_M03018_0032_000000000-AGKY8/4ST84_R2.fastq
4ST85	0	/Users/brow015/Downloads/data/151016_M03018_0032_000000000-AGKY8/4ST85_R1.fastq	/Users/brow015/Downloads/data/151016_M03018_0032_000000000-AGKY8/4ST85_R2.fastq
4ST86	0	/Users/brow015/Downloads/data/151016_M03018_0032_000000000-AGKY8/4ST86_R1.fastq	/Users/brow015/Downloads/data/151016_M03018_0032_000000000-AGKY8/4ST86_R2.fastq
4ST87	0	/Users/brow015/Downloads/data/151016_M03018_0032_000000000-AGKY8/4ST87_R1.fastq	/Users/brow015/Downloads/data/151016_M03018_0032_000000000-AGKY8/4ST87_R2.fastq
4ST88	0	/Users/brow015/Downloads/data/151016_M03018_0032_000000000-AGKY8/4ST88_R1.fastq	/Users/brow015/Downloads/data/151016_M03018_0032_000000000-AGKY8/4ST88_R2.fastq
4ST89	0	/Users/brow015/Downloads/data/151016_M03018_0032_000000000-AGKY8/4ST89_R1.fastq	/Users/brow015/Downloads/data/151016_M03018_0032_000000000-AGKY8/4ST89_R2.fastq
4ST90	0	/Users/brow015/Downloads/data/151016_M03018_0032_000000000-AGKY8/4ST90_R1.fastq	/Users/brow015/Downloads/data/151016_M03018_0032_000000000-AGKY8/4ST90_R2.fastq
4ST91	0	/Users/brow015/Downloads/data/151016_M03018_0032_000000000-AGKY8/4ST91_R1.fastq	/Users/brow015/Downloads/data/151016_M03018_0032_000000000-AGKY8/4ST91_R2.fastq
4ST92	0	/Users/brow015/Downloads/data/151016_M03018_0032_000000000-AGKY8/4ST92_R1.fastq	/Users/brow015/Downloads/data/151016_M03018_0032_000000000-AGKY8/4ST92_R2.fastq
4ST93	0	/Users/brow015/Downloads/data/151016_M03018_0032_000000000-AGKY8/4ST93_R1.fastq	/Users/brow015/Downloads/data/151016_M03018_0032_000000000-AGKY8/4ST93_R2.fastq
4ST94	0	/Users/brow015/Downloads/data/151016_M03018_0032_000000000-AGKY8/4ST94_R1.fastq	/Users/brow015/Downloads/data/151016_M03018_0032_000000000-AGKY8/4ST94_R2.fastq
4ST95	0	/Users/brow015/Downloads/data/151016_M03018_0032_000000000-AGKY8/4ST95_R1.fastq	/Users/brow015/Downloads/data/151016_M03018_0032_000000000-AGKY8/4ST95_R2.fastq
4ST96	0	/Users/brow015/Downloads/data/151016_M03018_0032_000000000-AGKY8/4ST96_R1.fastq	/Users/brow015/Downloads/data/151016_M03018_0032_000000000-AGKY8/4ST96_R2.fastq
synechococcus	601	/Users/brow015/Downloads/data/151016_M03018_0032_000000000-AGKY8/synechococcus_R1.fastq	/Users/brow015/Downloads/data/151016_M03018_0032_000000000-AGKY8/synechococcus_R2.fastq
MR1	2889	/Users/brow015/Downloads/data/151016_M03018_0032_000000000-AGKY8/MR1_R1.fastq	/Users/brow015/Downloads/data/151016_M03018_0032_000000000-AGKY8/MR1_R2.fastq
flavobacterium	15915	/Users/brow015/Downloads/data/151016_M03018_0032_000000000-AGKY8/flavobacterium_R1.fastq	/Users/brow015/Downloads/data/151016_M03018_0032_000000000-AGKY8/flavobacterium_R2.fastq
cytophaga	14093	/Users/brow015/Downloads/data/151016_M03018_0032_000000000-AGKY8/cytophaga_R1.fastq	/Users/brow015/Downloads/data/151016_M03018_0032_000000000-AGKY8/cytophaga_R2.fastq
Bsubtilis	0	/Users/brow015/Downloads/data/151016_M03018_0032_000000000-AGKY8/Bsubtilis_R1.fastq	/Users/brow015/Downloads/data/151016_M03018_0032_000000000-AGKY8/Bsubtilis_R2.fastq
xylanomonas	815	/Users/brow015/Downloads/data/151016_M03018_0032_000000000-AGKY8/xylanomonas_R1.fastq	/Users/brow015/Downloads/data/151016_M03018_0032_000000000-AGKY8/xylanomonas_R2.fastq
chris-no-probe	7	/Users/brow015/Downloads/data/151016_M03018_0032_000000000-AGKY8/chris-no-probe_R1.fastq	/Users/brow015/Downloads/data/151016_M03018_0032_000000000-AGKY8/chris-no-probe_R2.fastq
chris-IAApos	6	/Users/brow015/Downloads/data/151016_M03018_0032_000000000-AGKY8/chris-IAApos_R1.fastq	/Users/brow015/Downloads/data/151016_M03018_0032_000000000-AGKY8/chris-IAApos_R2.fastq
chris-IAA	4	/Users/brow015/Downloads/data/151016_M03018_0032_000000000-AGKY8/chris-IAA_R1.fastq	/Users/brow015/Downloads/data/151016_M03018_0032_000000000-AGKY8/chris-IAA_R2.fastq
chris-2ENE1	0	/Users/brow015/Downloads/data/151016_M03018_0032_000000000-AGKY8/chris-2ENE1_R1.fastq	/Users/brow015/Downloads/data/151016_M03018_0032_000000000-AGKY8/chris-2ENE1_R2.fastq
natalie-2ENpos	0	/Users/brow015/Downloads/data/151016_M03018_0032_000000000-AGKY8/natalie-2ENpos_R1.fastq	/Users/brow015/Downloads/data/151016_M03018_0032_000000000-AGKY8/natalie-2ENpos_R2.fastq
natalie-6A	1	/Users/brow015/Downloads/data/151016_M03018_0032_000000000-AGKY8/natalie-6A_R1.fastq	/Users/brow015/Downloads/data/151016_M03018_0032_000000000-AGKY8/natalie-6A_R2.fastq
natalie-NP	1	/Users/brow015/Downloads/data/151016_M03018_0032_000000000-AGKY8/natalie-NP_R1.fastq	/Users/brow015/Downloads/data/151016_M03018_0032_000000000-AGKY8/natalie-NP_R2.fastq
natalie-6Apos	1	/Users/brow015/Downloads/data/151016_M03018_0032_000000000-AGKY8/natalie-6Apos_R1.fastq	/Users/brow015/Downloads/data/151016_M03018_0032_000000000-AGKY8/natalie-6Apos_R2.fastq
natalie-2EN	2	/Users/brow015/Downloads/data/151016_M03018_0032_000000000-AGKY8/natalie-2EN_R1.fastq	/Users/brow015/Downloads/data/151016_M03018_0032_000000000-AGKY8/natalie-2EN_R2.fastq
unmatched	5783327	/Users/brow015/Downloads/data/151016_M03018_0032_000000000-AGKY8/unmatched_R1.fastq	/Users/brow015/Downloads/data/151016_M03018_0032_000000000-AGKY8/unmatched_R2.fastq
total	6223383
